ImageId,LabelId,PixelCount,Confidence,EncodedPixels
5ba8325c2865dc6d167d0c42ef5c2dc3,33,63394,0.99938595,5803580 81|5803667 10|5803710 39|5806961 185|5807152 10|5810343 207|5813725 213|5817107 218|5820490 222|5823874 226|5827257 229|5830641 230|5834024 233|5837408 234|5840791 236|5844175 238|5847559 239|5850943 240|5854327 242|5857711 243|5861095 243|5864479 244|5867863 245|5871247 246|5874630 247|5878014 248|5881398 249|5884782 250|5888166 251|5891550 252|5894934 253|5898318 254|5901702 255|5905086 255|5908470 256|5911854 257|5915238 257|5918622 258|5922006 259|5925390 260|5928774 261|5932158 261|5935542 262|5938926 263|5942310 264|5945694 264|5949078 265|5952462 265|5955846 265|5959230 265|5962614 266|5965998 266|5969382 266|5972766 267|5976150 267|5979535 266|5982919 267|5986303 267|5989687 267|5993071 268|5996455 268|5999839 268|6003223 269|6006607 269|6009991 270|6013375 270|6016759 270|6020143 271|6023527 271|6026911 271|6030295 271|6033679 272|6037063 272|6040447 272|6043831 272|6047215 273|6050599 273|6053983 273|6057367 273|6060751 273|6064135 273|6067519 273|6070903 273|6074287 273|6077671 273|6081055 273|6084439 273|6087823 273|6091207 273|6094591 274|6097975 274|6101359 274|6104743 274|6108127 274|6111511 274|6114895 274|6118279 274|6121663 274|6125047 274|6128431 274|6131815 274|6135199 274|6138583 274|6141967 274|6145351 274|6148735 274|6152119 274|6155503 274|6158887 274|6162271 274|6165655 274|6169039 274|6172423 274|6175807 274|6179191 274|6182575 274|6185959 274|6189343 274|6192727 274|6196111 274|6199495 274|6202879 274|6206263 274|6209647 274|6213031 274|6216415 274|6219799 274|6223183 273|6226567 273|6229951 273|6233335 273|6236719 273|6240103 273|6243487 273|6246871 273|6250255 273|6253639 273|6257023 273|6260407 273|6263791 273|6267175 273|6270559 273|6273943 273|6277327 273|6280711 273|6284095 273|6287479 273|6290863 273|6294247 272|6297631 272|6301015 272|6304399 272|6307783 272|6311167 272|6314551 272|6317935 271|6321319 271|6324703 271|6328087 271|6331471 271|6334855 270|6338239 270|6341623 269|6345007 269|6348391 269|6351775 268|6355159 268|6358543 268|6361927 267|6365311 267|6368695 267|6372079 267|6375463 266|6378847 266|6382231 266|6385615 266|6388999 265|6392383 265|6395767 265|6399151 265|6402535 265|6405919 264|6409303 264|6412687 264|6416071 263|6419455 263|6422839 263|6426223 262|6429607 262|6432991 261|6436375 261|6439759 260|6443143 259|6446527 259|6449911 258|6453295 258|6456679 257|6460063 257|6463447 256|6466831 256|6470215 256|6473599 255|6476983 255|6480367 255|6483751 255|6487135 254|6490519 254|6493903 254|6497287 254|6500671 254|6504055 253|6507439 253|6510823 253|6514207 252|6517591 252|6520975 251|6524359 250|6527743 250|6531127 249|6534511 152|6534691 68|6537895 147|6538077 65|6541279 145|6541462 64|6544663 142|6544847 62|6548047 138|6548233 59|6551431 130|6551618 57|6554815 121|6555004 54|6558199 111|6558389 53|6561583 105|6561774 51|6564967 102|6565159 49|6568351 100|6568544 47|6571735 98|6571929 45|6575119 96|6575313 44|6578503 95|6578698 41|6581887 94|6582083 39|6585271 93|6585468 37|6588655 92|6588853 34|6592039 91|6592238 31|6595423 90|6595624 27|6598807 89|6599009 24|6602191 88|6602394 21|6605575 88|6605780 18|6608959 87|6609165 16|6612343 86|6612551 12|6615727 86|6619111 85|6622495 85|6625879 84|6629263 84|6632647 84|6636031 83|6639415 83|6642799 83|6646183 82|6649567 82|6652951 81|6656335 81|6659719 80|6663103 80|6666487 80|6669871 79|6673255 79|6676639 78|6680023 78|6683408 76|6686792 75|6690176 74|6693560 73|6696944 72|6700328 71|6703713 69|6707097 68|6710481 67|6713865 67|6717249 66|6720634 63|6724018 62|6727403 59|6730787 58|6734172 56|6737557 53|6740942 51|6744327 49|6747712 47|6751098 43|6754484 38|6757872 30|6761262 10|
5ba8325c2865dc6d167d0c42ef5c2dc3,33,2715,0.9993824,5764852 19|5768233 25|5771615 29|5774998 32|5778380 36|5781763 38|5785146 41|5788529 42|5791912 44|5795295 46|5798679 47|5802062 49|5805445 51|5808829 51|5812212 53|5815595 55|5818978 57|5822362 57|5825746 58|5829129 59|5832513 60|5835897 60|5839281 60|5842665 60|5846049 60|5849433 60|5852817 60|5856200 61|5859584 62|5862968 62|5866352 62|5869736 62|5873120 62|5876504 62|5879888 62|5883272 62|5886656 61|5890040 61|5893424 61|5896808 61|5900192 61|5903576 61|5906960 61|5910344 61|5913728 60|5917112 60|5920496 60|5923880 60|5927264 14|5927307 17|5930648 13|5930695 13|5934033 11|5934080 12|5937417 10|5937465 10|5940803 7|5940850 8|5944189 1|5944236 5|
5ba8325c2865dc6d167d0c42ef5c2dc3,33,24470,0.9989141,5868193 5|5871575 17|5874957 26|5874993 17|5878338 59|5881721 63|5885103 75|5888484 86|5891865 97|5895247 105|5898629 111|5902010 120|5905390 130|5905533 6|5908767 161|5912144 170|5915525 175|5918906 179|5922287 182|5925669 185|5929051 187|5932434 189|5935817 191|5939201 192|5942585 193|5945969 194|5949353 195|5952737 195|5956121 196|5959505 197|5962890 197|5966274 197|5969658 198|5973043 198|5976427 199|5979812 199|5983196 200|5986580 201|5989965 201|5993349 201|5996734 201|6000118 202|6003503 202|6006887 203|6010271 204|6013656 204|6017040 205|6020424 206|6023809 206|6027193 207|6030577 207|6033962 206|6037347 205|6040731 206|6044116 205|6047500 205|6050884 205|6054269 204|6057653 204|6061037 205|6064421 205|6067805 205|6071189 205|6074573 205|6077957 205|6081341 205|6084725 205|6088109 205|6091493 205|6094877 205|6098261 205|6101645 206|6105029 206|6108413 206|6111796 207|6115180 207|6118564 207|6121948 207|6125332 207|6128716 207|6132099 208|6135483 208|6138867 208|6142251 208|6145635 208|6149019 207|6152403 207|6155787 207|6159171 207|6162555 207|6165939 207|6169323 207|6172707 207|6176091 207|6179475 206|6182859 206|6186243 205|6189628 204|6193012 203|6196396 202|6199780 202|6203164 201|6206548 201|6209932 201|6213316 200|6216700 200|6220084 199|6223468 198|6226853 195|6230237 194|6233621 193|6237005 192|6240389 192|6243773 192|6247157 191|6250541 191|6253925 191|6257310 189|6260694 189|6264078 188|6267462 188|6270846 141|6270995 38|6274230 128|6274380 36|6277614 116|6277766 33|6280999 97|6281151 31|6284383 91|6284537 28|6287767 82|6287922 26|6291151 80|6291307 25|6294535 78|6294692 23|6297920 74|6298077 20|6301304 71|6301462 17|6304688 69|6304848 13|6308073 67|6308235 8|6311457 65|6311623 2|6314842 63|6318226 62|6321610 61|6324995 59|6328380 57|6331766 54|6335153 50|6338539 47|6341925 44|6345310 41|6348695 39|6352080 36|6355466 31|6358852 25|6362239 19|6365626 11|
5ba8325c2865dc6d167d0c42ef5c2dc3,33,9092,0.9955082,5837986 30|5841363 46|5844745 54|5848127 57|5851510 59|5854893 61|5858276 63|5861658 67|5865039 72|5868420 77|5871802 80|5875185 82|5878567 85|5881949 88|5885332 90|5888715 92|5892098 95|5895480 98|5898863 100|5902246 102|5905629 104|5909012 105|5912395 107|5915778 108|5919161 109|5922544 110|5925927 111|5929310 111|5932693 112|5936076 112|5939459 112|5942842 113|5946226 112|5949609 112|5952992 113|5956375 113|5959758 114|5963141 113|5966525 112|5969908 112|5973293 110|5976678 107|5980063 104|5983449 101|5986833 100|5990217 98|5993601 96|5996984 96|6000368 95|6003751 94|6007134 94|6010518 93|6013901 93|6017284 93|6020668 91|6024051 91|6027434 91|6030816 92|6034199 92|6037582 92|6040966 92|6044350 91|6047734 90|6051118 90|6054502 89|6057886 89|6061270 88|6064654 88|6068038 87|6071422 87|6074806 86|6078189 87|6081573 87|6084957 86|6088341 85|6091725 84|6095109 83|6098492 83|6101876 83|6105259 83|6108643 83|6112025 84|6115408 84|6118791 84|6122175 83|6125559 82|6128943 82|6132328 80|6135719 73|6139105 70|6142491 67|6145876 64|6149261 62|6152646 60|6156031 58|6159416 55|6162801 53|6166186 50|6169570 47|6172955 41|6176339 38|6179724 34|6183108 32|6186492 30|6189877 28|6193261 27|6196646 25|6200031 24|6203415 23|6206800 22|6210185 20|6213570 18|6216955 15|6220341 12|6223727 8|
5ba8325c2865dc6d167d0c42ef5c2dc3,33,26746,0.9940705,5824583 90|5827956 114|5831337 123|5834719 127|5838102 130|5841484 134|5844867 136|5848250 139|5851632 142|5855014 146|5858395 151|5861778 154|5865160 158|5868543 161|5871925 165|5875307 168|5878689 171|5882072 174|5885455 176|5888837 180|5892220 183|5895602 186|5898984 189|5902367 191|5905750 193|5909133 194|5912516 196|5915899 198|5919282 199|5922664 202|5926047 203|5929429 205|5932812 207|5936195 208|5939578 209|5942961 210|5946344 211|5949726 213|5953109 214|5956492 215|5959875 216|5963258 217|5966642 217|5970024 219|5973407 220|5976789 222|5980172 224|5983555 225|5986937 227|5990319 229|5993701 231|5997083 233|6000466 234|6003850 234|6007233 235|6010616 236|6013999 237|6017382 238|6020765 239|6024147 241|6027530 242|6030913 243|6034296 244|6037680 244|6041063 245|6044447 245|6047830 245|6051213 246|6054597 246|6057981 245|6061364 246|6064747 244|6068131 243|6071514 243|6074898 242|6078282 241|6081665 241|6085049 239|6088433 239|6091817 239|6095200 239|6098584 239|6101968 239|6105352 239|6108736 238|6112120 238|6115504 238|6118888 238|6122272 240|6125656 245|6129040 249|6132423 251|6135807 251|6139191 251|6142575 251|6145959 250|6149343 223|6149576 17|6152727 220|6152961 15|6156111 217|6156345 15|6159495 215|6159730 14|6162879 213|6163114 13|6166263 210|6166498 13|6169647 208|6169883 12|6173031 205|6173267 11|6176415 202|6176651 11|6179799 200|6180035 11|6183183 197|6183419 10|6186567 194|6186804 8|6189951 190|6190189 6|6193335 185|6193574 4|6196719 180|6196959 2|6200103 177|6203487 175|6206871 173|6210255 171|6213639 169|6217023 168|6220407 167|6223791 166|6227175 165|6230559 164|6233943 164|6237327 163|6240711 162|6244095 161|6247479 160|6250863 74|6250962 60|6254247 66|6254359 46|6257632 43|6257747 42|6261016 35|6261133 39|6264400 29|6264518 37|6267784 26|6267903 35|6271168 24|6271290 31|6274553 20|6274676 26|6277937 17|6278063 20|6281321 15|6281449 15|6284706 13|6284838 8|6288091 2|
5ba8325c2865dc6d167d0c42ef5c2dc3,33,5488,0.9820629,5794493 36|5797865 54|5801241 63|5804622 67|5808002 71|5811383 75|5814766 76|5818149 78|5821532 80|5824916 82|5828299 84|5831682 85|5835065 87|5838447 89|5841830 90|5845213 91|5848596 92|5851979 93|5855363 93|5858747 94|5862130 95|5865514 95|5868899 95|5872283 98|5875667 98|5879051 98|5882436 97|5885820 97|5889205 96|5892589 96|5895973 96|5899357 97|5902742 96|5906126 96|5909510 96|5912894 96|5916279 95|5919663 95|5923047 95|5926431 95|5929815 95|5933200 94|5936584 94|5939968 94|5943352 94|5946736 94|5950120 94|5953504 94|5956888 94|5960272 94|5963656 94|5967040 94|5970424 93|5973808 92|5977192 90|5980576 88|5983960 87|5987344 85|5990728 84|5994112 82|5997496 69|5997569 6|6000881 21|6000922 21|6004265 18|6004311 14|6007653 7|
5ba8325c2865dc6d167d0c42ef5c2dc3,33,6680,0.98060846,5811291 35|5814665 50|5818044 55|5821426 58|5824803 65|5828179 75|5831562 77|5834945 79|5838323 4|5838328 80|5841706 86|5845091 85|5848475 85|5851859 85|5855243 85|5858626 86|5862010 87|5865394 89|5868778 91|5872161 92|5875545 92|5878929 92|5882312 94|5885696 95|5889080 99|5892463 100|5895847 101|5899231 101|5902615 102|5905999 102|5909383 102|5912767 102|5916151 102|5919535 102|5922919 102|5926303 102|5929687 102|5933072 101|5936455 102|5939839 102|5943223 102|5946607 102|5949991 102|5953375 102|5956759 103|5960143 103|5963527 103|5966911 103|5970295 103|5973679 103|5977063 103|5980447 103|5983831 103|5987215 103|5990599 103|5993983 103|5997367 103|6000751 103|6004135 103|6007519 103|6010903 102|6014287 102|6017671 102|6021055 102|6024439 96|6024539 1|6027823 90|6031207 85|6034591 83|6037975 81|6041359 80|6044743 78|6048128 76|6051515 15|6051539 48|6054928 7|6054949 19|6058338 11|
5ba8325c2865dc6d167d0c42ef5c2dc3,33,1347,0.9269212,5842023 30|5845404 36|5848785 40|5852168 41|5855551 43|5858934 44|5862317 46|5865701 46|5869084 48|5872468 48|5875852 48|5879235 50|5882619 50|5886003 50|5889387 50|5892770 51|5896154 51|5899538 51|5902922 51|5906306 51|5909690 51|5913074 51|5916458 51|5919842 50|5923226 50|5926611 48|5929996 46|5933381 44|5936769 13|5936784 2|5936787 16|
5ba8325c2865dc6d167d0c42ef5c2dc3,33,3427,0.83471304,5807823 26|5807853 5|5811198 51|5814580 52|5817962 54|5821345 55|5824725 58|5828108 58|5831491 58|5834875 58|5838258 58|5841640 60|5845022 61|5848405 62|5851789 61|5855174 59|5858559 58|5861943 57|5865329 55|5868714 55|5872098 55|5875484 53|5878869 52|5882254 51|5885640 49|5889026 47|5892411 46|5895796 45|5899181 44|5902566 43|5905950 43|5909335 43|5912720 42|5916104 42|5919489 41|5922874 40|5926258 41|5929643 40|5933028 39|5936412 39|5939797 38|5943181 38|5946566 37|5949950 37|5953335 36|5956719 36|5960104 35|5963488 35|5966872 35|5970257 34|5973641 34|5977025 34|5980409 34|5983794 33|5987178 33|5990562 33|5993946 33|5997330 33|6000714 33|6004098 33|6007482 33|6010867 32|6014251 32|6017635 32|6021019 32|6024403 32|6027787 32|6031171 32|6034555 32|6037939 32|6041323 32|6044707 32|6048091 33|6051475 33|6054858 34|6058242 34|6061627 33|6065011 33|6068395 33|6071780 32|6075164 32|6078549 30|6081934 29|6085320 27|6088719 9|
5ba8325c2865dc6d167d0c42ef5c2dc3,33,1889,0.79405046,5775093 22|5778474 29|5781856 33|5785238 36|5788621 39|5792004 41|5795386 44|5798769 46|5802153 47|5805536 49|5808919 50|5812303 51|5815687 51|5819070 53|5822454 53|5825838 53|5829222 53|5832606 53|5835990 53|5839374 53|5842758 53|5846142 53|5849526 53|5852910 53|5856294 53|5859678 53|5863062 53|5866446 53|5869830 53|5873214 53|5876598 53|5879982 53|5883366 53|5886750 53|5890134 53|5893518 53|5896902 18|5896932 23|5900286 14|5900322 17|5903670 10|5903711 12|5907055 8|5907097 10|5910440 5|5910482 9|5913868 6|
5ba8325c2865dc6d167d0c42ef5c2dc3,33,471,0.7424612,5821774 5|5825155 12|5828537 15|5831921 16|5835305 17|5838689 18|5842073 18|5845457 18|5848841 19|5852225 19|5855609 19|5858993 19|5862377 19|5865761 19|5869145 19|5872529 19|5875913 19|5879297 19|5882681 19|5886065 19|5889449 19|5892833 19|5896218 17|5899603 16|5902987 16|5906372 14|5909756 14|5913144 9|
5ba8325c2865dc6d167d0c42ef5c2dc3,33,1660,0.7402031,5818105 3|5821476 23|5824860 25|5828244 27|5831628 28|5835012 30|5838396 31|5841780 31|5845164 31|5848548 28|5851934 4|5851942 18|5855320 2|5855329 15|5858713 14|5858735 2|5862097 15|5862118 4|5865481 15|5865502 6|5868865 18|5868886 7|5872249 18|5872270 8|5875633 18|5875654 9|5879017 15|5879033 1|5879038 9|5882401 15|5882422 10|5885785 14|5885806 11|5889169 14|5889191 11|5892553 14|5892575 11|5895937 15|5895958 12|5899321 18|5899342 12|5902705 18|5902726 13|5906089 18|5906110 13|5909473 18|5909494 13|5912857 18|5912878 13|5916241 19|5916261 15|5919625 19|5919645 15|5923009 19|5923029 15|5926393 19|5926413 15|5929777 18|5929798 14|5933161 15|5933177 2|5933182 14|5936545 15|5936566 14|5939929 15|5939950 14|5943313 15|5943334 14|5946697 14|5946718 14|5950081 11|5950102 14|5953465 11|5953486 14|5956849 11|5956870 14|5960233 11|5960254 14|5963617 12|5963630 1|5963638 13|5967001 14|5967022 13|5970385 14|5970406 13|5973769 14|5973790 13|5977153 11|5977174 13|5980537 10|5980558 13|5983921 8|5983942 14|5987305 8|5987326 14|5990689 10|5990710 14|5994073 10|5994094 13|5997457 10|5997478 13|6000841 10|6000862 13|6004225 10|6004246 13|6007609 10|6007630 12|6010993 11|6011014 12|6014377 14|6014398 12|6017761 12|6017782 11|6021145 11|6021166 11|6024529 11|6024550 10|6027913 11|6027934 9|6031297 8|6031318 9|6034682 3|6034686 2|6034702 8|6038066 3|6038087 6|
d7a1585fa55128c9591bd1756da82efd,33,1514,0.99886996,5841325 32|5844706 36|5848088 39|5851471 41|5854853 44|5858236 45|5861619 47|5865003 49|5868386 50|5871770 51|5875154 51|5878538 51|5881921 52|5885305 52|5888689 52|5892073 52|5895457 52|5898841 51|5902225 51|5905609 51|5908993 51|5912377 51|5915761 51|5919145 51|5922529 51|5925913 51|5929297 50|5932681 50|5936065 50|5939449 14|5939476 23|5942833 10|5942868 14|5946217 7|5946255 11|5949602 4|5949640 10|5953025 9|5956410 7|
d7a1585fa55128c9591bd1756da82efd,33,472,0.99536836,5790671 13|5794054 16|5797436 19|5800819 21|5804201 24|5807584 25|5810968 25|5814352 25|5817736 25|5821120 25|5824504 25|5827888 25|5831272 25|5834656 25|5838040 25|5841424 25|5844808 25|5848192 25|5851576 25|5854961 6|5854976 9|5858345 4|5858363 6|5861749 4|
d7a1585fa55128c9591bd1756da82efd,33,264,0.9767535,5780512 1|5783895 5|5787278 11|5790662 11|5794045 13|5797429 13|5800812 14|5804196 14|5807580 14|5810964 14|5814348 14|5817732 14|5821116 15|5824500 15|5827884 15|5831268 15|5834652 15|5838036 14|5841420 14|5844804 13|5848189 10|
d7a1585fa55128c9591bd1756da82efd,33,277,0.9653367,5797492 13|5800876 14|5804259 16|5807642 18|5811026 18|5814409 19|5817793 19|5821177 19|5824560 20|5827944 20|5831328 20|5834712 20|5838096 20|5841480 20|5844864 19|5848249 2|
d7a1585fa55128c9591bd1756da82efd,33,216,0.9159296,5790682 7|5794064 10|5797447 12|5800830 14|5804214 14|5807598 14|5810982 14|5814366 14|5817750 14|5821134 14|5824518 14|5827902 15|5831286 15|5834670 15|5838054 15|5841438 15|
d7a1585fa55128c9591bd1756da82efd,33,180,0.8972752,5794100 4|5794106 3|5797483 11|5800867 11|5804250 13|5807634 13|5811018 13|5814402 13|5817786 13|5821170 13|5824554 13|5827937 14|5831321 14|5834705 14|5838092 11|5841480 7|
d7a1585fa55128c9591bd1756da82efd,33,160,0.87558,5770352 8|5773736 9|5777118 11|5780502 11|5783886 11|5787270 11|5790654 11|5794038 11|5797422 11|5800806 11|5804190 11|5807573 12|5810957 12|5814342 10|5817726 10|
9b68545d2102e97e7ec8be28b062ef6f,33,21648,0.9999683,5986516 40|5989895 101|5993277 108|5996658 114|6000039 120|6003422 123|6006805 125|6010188 127|6013571 129|6016954 131|6020336 134|6023719 135|6027102 138|6030485 140|6033868 142|6037251 144|6040634 145|6044017 147|6047399 149|6050781 151|6054164 153|6057547 155|6060931 156|6064313 159|6067696 162|6071078 165|6074461 167|6077844 169|6081226 172|6084609 174|6087991 177|6091374 180|6094757 183|6098140 185|6101523 188|6104906 190|6108288 193|6111671 195|6115054 197|6118437 198|6121820 200|6125204 200|6128587 201|6131971 202|6135355 202|6138738 203|6142122 204|6145506 204|6148889 205|6152273 206|6155657 206|6159041 206|6162425 206|6165809 206|6169192 207|6172576 207|6175960 207|6179343 208|6182727 208|6186111 207|6189494 208|6192878 208|6196262 208|6199645 209|6203029 209|6206413 209|6209797 209|6213180 210|6216564 209|6219948 209|6223332 209|6226716 209|6230100 209|6233484 209|6236867 210|6240251 210|6243635 210|6247019 210|6250403 210|6253787 209|6257171 209|6260554 210|6263938 210|6267322 210|6270706 210|6274089 211|6277473 211|6280857 211|6284240 212|6287624 212|6291008 212|6294392 212|6297775 213|6301159 213|6304543 212|6307927 212|6311310 213|6314694 213|6318078 212|6321462 212|6324846 211|6328230 210|6331614 210|6334998 209|6338382 208|6341766 207|6345150 207|6348534 206|6351918 205|6355302 205|6358686 203|6362070 42|6362215 47|6365454 36|6365602 41|6368838 33|6368988 38|6372222 32|6372374 34|6375605 31|6375760 31|6378989 30|6379146 28|6382373 29|6382531 27|6385758 27|6385915 26|6389142 26|6389300 24|6392527 24|6392684 24|6395911 23|6396068 23|6399296 21|6399453 21|6402682 18|6402838 19|6406070 11|6406223 15|6409609 11|6412996 6|
9b68545d2102e97e7ec8be28b062ef6f,33,1121,0.9985683,5800720 17|5804099 24|5807481 27|5810863 30|5814245 32|5817628 33|5821011 34|5824394 35|5827777 36|5831160 37|5834544 37|5837927 38|5841311 38|5844694 39|5848078 39|5851461 40|5854845 40|5858229 40|5861613 40|5864997 40|5868381 40|5871765 40|5875148 41|5878532 41|5881916 41|5885300 40|5888684 40|5892068 40|5895452 23|5895477 15|5898836 17|5898864 12|5902221 7|5902249 10|5905606 2|5905633 9|5909019 7|
9b68545d2102e97e7ec8be28b062ef6f,33,4292,0.998317,5936360 38|5939741 46|5943124 49|5946508 51|5949891 53|5953274 55|5956657 57|5960041 57|5963424 59|5966808 60|5970192 61|5973575 63|5976959 63|5980342 65|5983726 66|5987109 68|5990493 69|5993876 70|5997259 71|6000643 71|6004026 73|6007409 74|6010793 74|6014176 75|6017560 76|6020943 77|6024327 77|6027710 78|6031093 79|6034477 79|6037861 79|6041245 79|6044628 80|6048012 80|6051396 80|6054780 80|6058163 81|6061547 80|6064931 80|6068315 80|6071699 80|6075083 80|6078467 80|6081851 80|6085234 81|6088618 81|6092002 81|6095386 81|6098770 81|6102154 81|6105538 81|6108922 80|6112306 80|6115690 80|6119074 80|6122458 80|6125843 24|6125871 51|6129227 17|6129276 30|6132611 15|6132674 15|6135995 14|6136059 14|6139379 13|6139444 13|6142764 11|6142829 12|6146150 7|6146214 10|6149600 6|
9b68545d2102e97e7ec8be28b062ef6f,33,631,0.97332054,5824341 22|5827724 24|5831107 26|5834490 28|5837872 30|5841255 32|5844639 32|5848022 33|5851406 33|5854790 33|5858174 33|5861558 33|5864942 33|5868326 33|5871710 33|5875094 33|5878478 33|5881862 33|5885248 31|5888640 23|5892032 15|5895425 5|
9b68545d2102e97e7ec8be28b062ef6f,33,489,0.96997786,5800836 17|5804216 22|5807597 26|5810981 27|5814365 27|5817749 27|5821133 27|5824517 27|5827901 27|5831285 27|5834669 27|5838053 27|5841437 27|5844821 27|5848205 27|5851589 27|5854973 27|5858357 9|5858368 16|5861741 5|5861758 10|5865146 6|
9b68545d2102e97e7ec8be28b062ef6f,36,1111,0.9338517,6089603 9|6092986 13|6096369 15|6099753 15|6103137 16|6106521 16|6109905 16|6113288 18|6116672 18|6120056 19|6123440 19|6126824 20|6130207 21|6133591 21|6136974 23|6140358 23|6143742 23|6147126 23|6150510 23|6153894 23|6157278 23|6160662 23|6164046 23|6167430 23|6170814 23|6174199 22|6177583 22|6180967 22|6184351 22|6187735 22|6191119 22|6194503 22|6197887 22|6201271 22|6204655 22|6208039 22|6211423 22|6214807 22|6218191 22|6221575 22|6224958 23|6228342 23|6231726 23|6235110 23|6238494 23|6241878 23|6245262 22|6248646 22|6252030 22|6255414 21|6258799 20|6262183 20|6265568 17|6268955 3|6268959 7|
9b68545d2102e97e7ec8be28b062ef6f,33,484,0.7963948,6109513 5|6112896 12|6116280 14|6119664 15|6123048 15|6126432 16|6129816 17|6133201 17|6136585 17|6139969 17|6143353 17|6146737 17|6150121 17|6153505 17|6156890 16|6160274 16|6163658 16|6167042 16|6170426 16|6173810 16|6177194 16|6180578 16|6183962 16|6187347 15|6190731 16|6194115 16|6197499 16|6200884 15|6204268 15|6207653 14|6211040 10|6214427 7|6217814 3|
9b68545d2102e97e7ec8be28b062ef6f,33,184,0.78128844,5814366 7|5817748 11|5821130 13|5824513 15|5827897 15|5831281 15|5834665 15|5838049 15|5841433 15|5844817 15|5848201 15|5851585 15|5854969 15|5858353 3|
9b68545d2102e97e7ec8be28b062ef6f,33,319,0.7303325,5810735 19|5814119 19|5817503 21|5820887 21|5824271 22|5827655 22|5831039 22|5834423 22|5837807 22|5841191 22|5844575 22|5847959 22|5851343 22|5854727 22|5858117 16|5861514 3|
806c8b0646e327cbc65a2e4f92809b7a,38,6358,0.989652,5801927 15|5805309 20|5805346 21|5808692 24|5808726 27|5812074 65|5815457 66|5818840 68|5822223 69|5825606 70|5828990 71|5832373 72|5835757 73|5839141 73|5842525 74|5845909 75|5849293 76|5852676 77|5856060 78|5859444 79|5862828 80|5866212 80|5869596 81|5872979 83|5876363 83|5879747 84|5883131 84|5886515 85|5889899 87|5893283 87|5896667 88|5900051 91|5903435 88|5906819 87|5910203 87|5913587 87|5916971 87|5920355 86|5923739 86|5927123 86|5930507 86|5933891 85|5937275 85|5940659 82|5944042 81|5947426 78|5950810 76|5954194 76|5957577 76|5960961 75|5964345 75|5967729 75|5971112 76|5974496 48|5974549 22|5977880 47|5977934 21|5981264 47|5981319 20|5984648 46|5984705 17|5988032 45|5988091 15|5991416 41|5991476 14|5994800 40|5994861 12|5998183 40|5998245 12|6001567 40|6001629 12|6004951 40|6005014 10|6008335 40|6008398 3|6008402 6|6011719 40|6011782 1|6011787 4|6015103 40|6015166 3|6015170 5|6018486 41|6018549 10|6021870 40|6021932 11|6025254 40|6025316 11|6028638 40|6028700 11|6032022 40|6032084 10|6035406 40|6035468 10|6038790 41|6038852 10|6042174 42|6042232 14|6045558 43|6045614 16|6048942 49|6048996 17|6052326 49|6052380 17|6055710 49|6055764 17|6059094 50|6059148 17|6062478 71|6065862 71|6069246 71|6072629 72|6076014 71|6079398 71|6082782 70|6086166 70|6089550 69|6092934 68|6096318 67|6099702 27|6099737 32|6103087 21|6103132 21|6106473 16|6106520 16|6109861 5|6109906 14|6113291 13|6116676 11|6120061 9|6123446 7|6126833 3|
806c8b0646e327cbc65a2e4f92809b7a,33,4412,0.98456407,5947585 17|5950967 20|5954350 22|5957734 24|5961117 27|5964500 32|5967882 35|5967938 2|5971264 37|5971321 3|5974647 39|5974705 3|5978030 40|5978088 5|5981412 43|5981472 5|5984794 45|5984855 7|5988177 46|5988239 7|5991560 47|5991623 7|5994943 50|5995006 9|5998325 54|5998390 9|6001707 56|6001773 10|6005089 58|6005157 10|6008472 60|6008541 10|6011853 62|6011924 11|6015234 62|6015308 11|6018617 62|6018693 10|6022000 62|6022076 11|6025384 62|6025460 11|6028768 62|6028846 9|6032151 63|6032232 6|6035534 64|6035617 4|6038918 64|6039002 3|6042302 64|6042385 4|6045686 64|6045770 3|6049070 65|6052454 65|6055838 65|6059222 66|6062606 69|6065990 70|6069374 70|6072758 71|6076142 72|6079526 72|6082910 77|6086294 79|6089678 80|6093062 79|6096446 79|6099829 80|6103213 80|6106597 80|6109981 80|6113365 80|6116749 80|6120133 80|6123517 80|6126901 80|6130285 80|6133669 80|6137053 80|6140437 80|6143821 80|6147205 80|6150589 80|6153973 80|6157358 79|6160742 24|6160786 35|6164126 20|6164176 29|6167511 16|6167564 25|6170897 12|6170950 23|6174285 3|6174335 22|6177720 21|6181105 19|6184492 15|6187879 12|6191267 5|
806c8b0646e327cbc65a2e4f92809b7a,33,1713,0.9713992,5801708 10|5805090 22|5808473 26|5811856 29|5815240 30|5818623 32|5822007 33|5825391 34|5828774 35|5832157 37|5835540 39|5838924 39|5842308 40|5845691 41|5849075 42|5852459 42|5855842 43|5859225 44|5862609 44|5865993 44|5869376 45|5872761 44|5876144 45|5879528 45|5882912 45|5886296 45|5889679 46|5893063 46|5896447 46|5899831 46|5903215 46|5906599 46|5909983 46|5913367 46|5916751 46|5920135 45|5923519 44|5926906 41|5930290 40|5933674 40|5937059 38|5940444 35|5943829 17|5943856 6|5947215 12|5947240 6|
806c8b0646e327cbc65a2e4f92809b7a,33,875,0.84251106,5845347 17|5848721 29|5852103 33|5855485 36|5858868 38|5862252 38|5865636 38|5869020 38|5872404 38|5875787 39|5879171 39|5882555 39|5885940 38|5889324 38|5892708 38|5896092 38|5899476 38|5902860 38|5906245 37|5909629 37|5913014 35|5916398 35|5919782 35|5923174 9|5923185 16|5926558 6|5926576 8|5929960 7|
806c8b0646e327cbc65a2e4f92809b7a,36,510,0.8228002,5838474 8|5841858 8|5845242 8|5848625 9|5852009 10|5855392 11|5858776 11|5862160 11|5865544 12|5868928 12|5872312 12|5875695 13|5879079 13|5882463 13|5885847 13|5889231 13|5892615 14|5895999 14|5899383 14|5902768 13|5906152 13|5909536 13|5912920 13|5916304 13|5919688 13|5923072 13|5926456 13|5929840 13|5933224 13|5936608 12|5939992 12|5943376 12|5946760 12|5950144 12|5953528 11|5956912 11|5960296 11|5963680 11|5967065 10|5970449 9|5973833 9|5977218 8|5980602 8|5983987 7|5987371 6|
806c8b0646e327cbc65a2e4f92809b7a,36,528,0.7755182,5818199 3|5821581 6|5824965 7|5828348 8|5831732 8|5835115 9|5838499 10|5841882 11|5845266 11|5848650 11|5852033 12|5855417 12|5858801 12|5862185 13|5865569 13|5868953 13|5872337 13|5875721 13|5879105 13|5882489 13|5885873 13|5889257 13|5892641 13|5896025 13|5899410 12|5902794 12|5906178 12|5909562 12|5912946 12|5916330 12|5919714 11|5923099 10|5926482 11|5929866 11|5933250 11|5936634 11|5940018 11|5943402 11|5946786 10|5950170 10|5953554 10|5956938 10|5960322 10|5963706 9|5967091 8|5970475 8|5973859 8|5977243 8|5980627 8|5984012 6|5987397 1|
806c8b0646e327cbc65a2e4f92809b7a,36,530,0.7532906,6127490 3|6130874 4|6134257 6|6137641 7|6141025 8|6144409 9|6147793 9|6151177 10|6154561 11|6157945 12|6161329 13|6164713 13|6168097 14|6171481 14|6174865 14|6178249 15|6181633 15|6185017 16|6188401 16|6191785 16|6195169 16|6198553 16|6201937 16|6205321 16|6208705 16|6212089 16|6215473 16|6218857 16|6222241 16|6225625 16|6229009 16|6232394 15|6235778 15|6239162 15|6242546 15|6245931 13|6249315 13|6252699 13|6256084 12|6259469 10|6262854 8|
806c8b0646e327cbc65a2e4f92809b7a,36,416,0.7395814,5814820 5|5818203 7|5821587 7|5824971 8|5828354 9|5831738 9|5835121 10|5838505 10|5841889 10|5845272 12|5848656 12|5852040 12|5855424 12|5858808 12|5862192 12|5865576 12|5868960 12|5872344 12|5875728 12|5879112 12|5882496 12|5885880 12|5889264 12|5892648 12|5896032 12|5899416 12|5902800 12|5906184 11|5909568 11|5912953 10|5916337 10|5919721 10|5923105 10|5926489 9|5929873 9|5933257 9|5936642 8|5940026 8|5943410 7|5946794 7|5950179 6|
806c8b0646e327cbc65a2e4f92809b7a,33,397,0.7261559,5924049 2|5927430 15|5930814 17|5934198 18|5937582 20|5940966 21|5944350 22|5947734 22|5951118 22|5954502 22|5957886 22|5961271 21|5964655 21|5968039 21|5971423 21|5974807 21|5978192 19|5981576 18|5984961 15|5988345 14|5991729 13|5995115 9|5998501 1|
806c8b0646e327cbc65a2e4f92809b7a,40,6642,0.7251489,5808695 11|5812078 19|5815460 25|5815495 20|5818843 60|5822226 62|5825609 65|5828992 67|5832376 67|5835759 69|5839143 69|5842527 70|5845911 71|5849294 73|5852678 74|5856062 74|5859445 76|5862829 77|5866213 78|5869596 79|5872980 80|5876363 81|5879747 82|5883130 83|5886514 83|5889898 84|5893281 85|5896665 85|5900049 85|5903433 85|5906817 85|5910200 86|5913584 86|5916968 85|5920352 84|5923736 83|5927120 83|5930504 82|5933887 83|5937271 83|5940655 82|5944038 82|5947422 81|5950806 80|5954190 80|5957573 80|5960957 80|5964341 79|5967725 79|5971109 78|5974492 79|5977876 78|5981260 78|5984644 78|5988028 77|5991412 77|5994796 76|5998180 76|6001564 75|6004948 75|6008332 74|6011715 75|6015099 75|6018482 76|6021866 75|6025250 75|6028634 75|6032018 75|6035402 75|6038786 75|6042170 75|6045554 74|6048938 74|6052322 74|6055706 74|6059090 74|6062473 75|6065857 75|6069241 75|6072624 76|6076008 76|6079393 75|6082777 75|6086161 74|6089545 74|6092929 74|6096314 73|6099704 19|6099739 31|6103090 15|6103133 21|6106477 10|6106520 18|6109906 15|6113291 13|6116676 12|6120061 10|6123446 8|6126832 4|
806c8b0646e327cbc65a2e4f92809b7a,36,550,0.71416736,5831695 9|5835078 10|5838462 10|5841846 10|5845230 11|5848614 11|5851997 12|5855381 12|5858764 13|5862148 14|5865532 14|5868915 15|5872299 15|5875683 15|5879067 15|5882451 15|5885835 15|5889219 15|5892603 15|5895987 15|5899372 14|5902756 14|5906140 13|5909524 13|5912908 13|5916292 13|5919676 13|5923060 13|5926444 13|5929828 13|5933212 12|5936596 12|5939981 11|5943365 11|5946749 11|5950133 11|5953517 11|5956901 10|5960285 10|5963670 9|5967054 9|5970438 9|5973822 9|5977207 8|5980591 7|5983975 7|
806c8b0646e327cbc65a2e4f92809b7a,33,939,0.7117115,5923918 24|5927296 32|5930677 36|5934059 38|5937442 39|5940826 40|5944210 40|5947594 40|5950979 40|5954366 1|5954374 29|5957764 24|5961150 23|5964536 21|5967920 22|5971305 21|5974692 18|5978079 15|5981465 14|5984850 13|5988234 13|5991619 12|5995003 12|5998387 12|6001771 12|6005155 13|6008539 13|6011923 13|6015307 13|6018690 14|6022074 14|6025458 14|6028842 14|6032226 14|6035610 14|6038994 14|6042378 14|6045762 14|6049146 14|6052530 14|6055914 14|6059298 14|6062682 14|6066066 14|6069450 14|6072834 13|6076218 13|6079602 13|6082986 13|6086371 12|6089756 8|
4c604ded694bdea2d9708c9da0b84101,33,7830,0.9994454,5869448 37|5872824 56|5876204 62|5879586 66|5882969 67|5886351 70|5889734 71|5893117 73|5896499 75|5899882 77|5903266 77|5906649 78|5910032 79|5913415 80|5916798 82|5920181 84|5923564 85|5926947 87|5930330 89|5933713 92|5937096 93|5940480 94|5943863 96|5947246 98|5950630 100|5954013 102|5957397 104|5960781 105|5964165 107|5967548 109|5970932 110|5974316 112|5977700 113|5981084 113|5984468 114|5987852 114|5991235 115|5994619 116|5998003 116|6001387 116|6004771 116|6008155 116|6011539 116|6014923 116|6018307 116|6021690 117|6025074 117|6028458 117|6031842 117|6035226 117|6038610 117|6041994 117|6045378 117|6048762 117|6052146 117|6055530 117|6058914 117|6062298 117|6065682 117|6069066 117|6072450 117|6075834 117|6079218 117|6082602 117|6085986 117|6089370 117|6092754 117|6096139 116|6099523 116|6102907 116|6106291 116|6109675 39|6109741 50|6113059 27|6113130 45|6116443 24|6116516 43|6119827 22|6119902 20|6119930 12|6123211 21|6123286 19|6123315 11|6126595 20|6126671 17|6126700 10|6129979 19|6130055 16|6130085 9|6133363 18|6133439 15|6133472 3|6136748 17|6136823 14|6140132 16|6140206 14|6143517 14|6143592 10|6146902 12|6146978 6|6150286 11|6153673 4|
4c604ded694bdea2d9708c9da0b84101,33,10457,0.998698,5920473 36|5923853 52|5927232 59|5930614 63|5933995 67|5937378 69|5940759 72|5944142 73|5947525 75|5950908 76|5954292 76|5957675 77|5961059 77|5964442 79|5967824 82|5971207 83|5974590 85|5977973 87|5981356 89|5984739 91|5988122 92|5991505 94|5994887 98|5998270 101|6001652 104|6005035 107|6008418 109|6011802 110|6015185 112|6018569 112|6021952 113|6025336 113|6028719 115|6032103 115|6035487 115|6038871 115|6042256 114|6045639 116|6049023 116|6052407 116|6055791 117|6059175 117|6062559 117|6065943 117|6069327 117|6072710 118|6076094 118|6079478 118|6082862 118|6086246 118|6089630 118|6093014 118|6096398 118|6099782 118|6103165 119|6106549 119|6109933 119|6113317 119|6116701 119|6120085 119|6123469 119|6126853 119|6130236 120|6133620 120|6137004 120|6140388 120|6143772 120|6147156 120|6150540 120|6153923 121|6157307 121|6160691 121|6164075 121|6167458 122|6170842 122|6174226 122|6177610 122|6180994 121|6184378 121|6187761 122|6191145 122|6194529 122|6197913 122|6201297 122|6204681 122|6208065 122|6211449 122|6214833 56|6214895 60|6218217 52|6218283 56|6221601 48|6221669 54|6224985 47|6225055 52|6228369 45|6228442 49|6231753 43|6231834 41|6235137 39|6235224 34|6238521 31|6238609 33|6241905 25|6241994 31|6245289 23|6245379 30|6248674 20|6248764 28|6252058 19|6252149 27|6255442 18|6255535 24|6258827 16|6258921 22|6262212 13|6262305 21|6265596 12|6265689 21|6268981 9|6269072 21|6272365 8|6272458 17|6275750 6|6275844 14|6279135 3|6279230 2|6279237 3|
4c604ded694bdea2d9708c9da0b84101,33,25202,0.99692184,5898348 9|5901701 57|5905084 62|5908467 66|5911851 70|5915235 74|5918619 77|5922003 80|5925387 83|5928771 86|5932154 91|5935538 96|5938922 101|5942306 105|5945690 107|5949074 108|5952458 111|5955842 114|5959226 116|5962610 118|5965994 120|5969378 122|5972762 124|5976146 126|5979530 128|5982914 130|5986298 131|5989682 133|5993066 135|5996450 138|5999834 140|6003218 141|6006602 143|6009986 146|6013370 149|6016754 152|6020138 155|6023523 157|6026907 160|6030291 164|6030457 9|6033675 179|6033858 6|6037059 191|6040443 192|6043827 193|6047211 194|6050595 194|6053979 195|6057363 196|6060747 197|6064131 198|6067515 199|6070899 200|6074283 201|6077667 202|6081051 202|6084435 204|6087819 205|6091203 206|6094587 207|6097971 209|6101355 210|6104739 210|6108123 211|6111507 211|6114891 211|6118275 212|6121659 212|6125043 212|6128427 212|6131811 212|6135195 212|6138579 212|6141963 212|6145347 212|6148731 212|6152115 212|6155499 212|6158883 212|6162267 212|6165651 212|6169035 212|6172419 212|6175803 212|6179187 212|6182571 212|6185955 212|6189339 212|6192723 212|6196107 212|6199491 212|6202875 212|6206259 212|6209643 211|6213027 211|6216411 211|6219795 211|6223179 211|6226563 210|6229947 210|6233331 210|6236715 209|6240099 209|6243483 208|6246867 208|6250251 208|6253635 207|6257019 207|6260403 207|6263787 206|6267171 206|6270555 205|6273939 205|6277323 204|6280707 204|6284091 203|6287475 203|6290859 202|6294243 202|6297627 201|6301011 201|6304395 200|6307779 200|6311163 199|6314547 199|6317931 198|6321316 196|6324700 192|6328085 187|6331469 153|6331642 8|6334860 142|6338247 134|6341632 127|6345018 118|6348404 110|6351790 105|6355175 103|6358561 99|6361948 93|6365334 89|6368720 85|6372105 83|6375491 80|6378876 78|6382261 76|6385646 74|6389031 72|6392415 71|6395800 70|6399185 68|6402570 66|6405955 64|6409340 62|6412725 59|6416110 56|6419496 52|6422881 48|6426267 42|6429653 36|6433040 28|6436435 9|
4c604ded694bdea2d9708c9da0b84101,33,1179,0.98934805,5896922 20|5900301 26|5903684 27|5907067 29|5910450 30|5913833 31|5917217 30|5920600 31|5923984 31|5927368 32|5930751 33|5934135 33|5937519 33|5940903 33|5944287 33|5947671 33|5951055 33|5954439 33|5957823 34|5961207 34|5964591 34|5967975 34|5971359 34|5974743 34|5978127 35|5981511 35|5984895 35|5988280 34|5991664 34|5995048 34|5998433 33|6001817 33|6005202 32|6008586 32|6011970 31|6015355 30|6018753 16|6022142 10|
4c604ded694bdea2d9708c9da0b84101,36,1541,0.9101829,5733412 8|5736796 8|5740180 9|5743563 10|5746947 11|5750330 13|5753714 14|5757098 15|5760481 16|5763865 17|5767248 18|5770632 19|5774015 20|5777399 20|5780783 21|5784167 21|5787550 23|5790934 23|5794318 23|5797702 24|5801086 24|5804470 25|5807854 25|5811238 26|5814622 26|5818006 26|5821390 27|5824774 27|5828158 27|5831542 27|5834926 28|5838310 28|5841694 28|5845078 29|5848462 29|5851846 29|5855231 27|5858615 27|5861999 27|5865384 26|5868768 26|5872152 26|5875537 25|5878921 24|5882305 24|5885690 23|5889074 23|5892458 23|5895842 23|5899226 23|5902611 22|5905995 22|5909379 22|5912763 21|5916147 21|5919531 21|5922915 21|5926299 21|5929683 21|5933067 21|5936451 20|5939835 20|5943219 20|5946603 20|5949987 20|5953372 19|5956756 19|5960140 18|5963524 18|5966908 18|5970292 17|5973678 8|
4c604ded694bdea2d9708c9da0b84101,36,1281,0.88514894,5783965 2|5787347 6|5790730 8|5794114 8|5797498 9|5800883 9|5804266 11|5807650 13|5811035 13|5814419 15|5817803 16|5821186 18|5824571 18|5827955 18|5831339 19|5834722 22|5838107 22|5841491 24|5844875 24|5848258 25|5851642 25|5855026 26|5858409 27|5861793 27|5865177 27|5868560 27|5871944 27|5875327 28|5878711 28|5882095 28|5885478 29|5888862 29|5892246 28|5895629 29|5899013 29|5902397 29|5905780 30|5909164 29|5912548 29|5915932 29|5919315 29|5922699 28|5926083 26|5929467 26|5932851 26|5936235 26|5939619 25|5943003 25|5946387 25|5949772 24|5953156 25|5956540 24|5959924 24|5963308 24|5966693 23|5970077 21|5973461 15|5976848 5|
4c604ded694bdea2d9708c9da0b84101,33,1065,0.85933566,5767497 15|5770878 24|5774261 28|5777644 31|5781027 33|5784411 34|5787795 35|5791179 37|5794562 38|5797946 39|5801330 40|5804714 41|5808098 41|5811482 41|5814866 41|5818250 40|5821634 40|5825018 40|5828402 40|5831786 40|5835171 39|5838555 39|5841939 39|5845325 36|5848710 35|5852095 34|5855480 32|5858864 31|5862248 31|5865632 8|5865645 16|5869011 1|5869017 3|5872395 3|
4c604ded694bdea2d9708c9da0b84101,33,622,0.8466635,5767035 6|5770417 10|5773800 11|5773812 1|5777182 16|5780566 16|5783949 18|5787332 19|5790715 20|5794098 22|5797481 23|5800865 23|5804248 24|5807631 25|5811015 25|5814398 26|5817782 25|5821165 25|5824549 24|5827933 24|5831317 23|5834701 22|5838085 22|5841469 21|5844853 19|5848237 19|5851621 18|5855005 18|5858389 17|5861773 17|5865157 16|5868542 14|5871927 13|
4c604ded694bdea2d9708c9da0b84101,33,1092,0.81982285,5593766 35|5597147 38|5600530 39|5603913 40|5607297 40|5610680 41|5614063 42|5617447 42|5620830 43|5624214 42|5627598 42|5630981 43|5634365 43|5637749 39|5637789 3|5641133 37|5644517 34|5647901 33|5651285 32|5654669 31|5658053 31|5661437 30|5664821 30|5668204 31|5671588 30|5674972 29|5678356 28|5681740 27|5685125 25|5688509 25|5691893 25|5695280 22|5698667 18|5702063 2|
4c604ded694bdea2d9708c9da0b84101,33,406,0.7769103,5900144 3|5903526 32|5906907 39|5910291 40|5913675 41|5917058 42|5920442 43|5923816 1|5923826 43|5927199 2|5927210 14|5930582 3|5930595 9|5933966 3|5933981 5|5937350 3|5937365 4|5940751 1|5944118 2|5947502 3|5950886 2|5954270 3|5957654 3|5961038 3|5964422 4|5967806 4|5971190 8|5974574 8|5977958 8|5981342 7|5984726 7|5988110 6|5991494 5|5994878 4|5998264 1|
4c604ded694bdea2d9708c9da0b84101,35,12863,0.75296617,6167896 1|6171279 3|6174662 4|6178045 6|6181428 8|6184812 8|6188196 9|6188211 5|6191581 9|6191592 12|6194965 32|6198349 34|6201733 35|6205117 36|6208500 38|6211883 39|6215267 40|6218650 41|6222033 43|6225416 46|6228799 49|6232183 52|6235566 56|6238950 71|6242313 1|6242334 74|6245697 6|6245718 76|6249080 8|6249101 78|6252464 8|6252485 79|6255848 9|6255869 81|6259232 8|6259253 82|6262616 8|6262638 81|6266001 4|6266023 81|6269409 80|6269518 1|6272798 76|6272897 10|6276188 71|6276280 14|6279537 2|6279574 70|6279662 18|6282920 8|6282960 71|6283045 21|6286304 9|6286344 82|6286427 25|6289688 11|6289729 107|6293071 13|6293114 40|6293163 58|6296454 20|6296498 37|6296548 57|6299838 21|6299882 35|6299932 57|6303221 22|6303265 35|6303317 56|6306604 23|6306649 34|6306701 56|6309988 24|6310033 34|6310085 56|6313370 27|6313417 33|6313469 56|6316753 30|6316800 34|6316853 56|6320136 33|6320183 34|6320237 56|6323519 35|6323565 36|6323621 56|6326902 38|6326947 37|6327005 56|6330284 84|6330389 56|6333667 85|6333772 57|6337049 87|6337156 57|6340433 88|6340539 58|6343816 89|6343923 58|6347200 89|6347306 59|6350583 90|6350689 60|6353967 90|6354072 61|6357350 91|6357455 62|6360734 92|6360839 62|6364117 93|6364222 63|6367499 95|6367605 64|6370880 100|6370985 68|6374263 174|6377647 175|6381030 176|6384414 176|6387798 176|6391182 176|6394566 176|6397950 176|6401334 176|6404718 176|6408102 176|6411485 177|6414869 177|6418253 177|6421637 177|6425021 177|6428405 177|6431789 177|6435173 177|6438557 177|6441941 177|6445326 176|6448710 176|6452094 176|6455479 175|6458863 175|6462248 174|6465633 173|6469018 172|6472403 111|6472515 59|6475788 107|6475905 53|6479174 101|6479290 52|6482559 98|6482675 51|6485945 60|6486006 33|6486061 49|6489330 55|6489392 29|6489446 48|6492716 49|6492778 26|6492831 47|6496101 46|6496164 23|6496216 46|6499486 43|6499549 22|6499601 45|6502872 40|6502934 20|6502986 44|6506257 39|6506319 19|6506371 43|6509643 36|6509704 17|6509756 42|6513028 35|6513088 17|6513140 42|6516413 33|6516474 14|6516526 40|6519798 32|6519859 11|6519911 39|6523183 31|6523244 7|6523296 38|6526570 27|6526630 4|6526680 38|6529956 25|6530065 37|6533342 22|6533450 36|6536729 19|6536834 36|6540115 16|6540220 34|6543501 11|6543605 33|6546891 1|6546990 32|6550375 31|6553761 29|6557147 27|6560533 25|6563918 24|6567304 21|6570689 20|6574076 17|6577464 12|6580852 4|
4c604ded694bdea2d9708c9da0b84101,33,1772,0.7483637,5686056 37|5689430 52|5692810 57|5696192 60|5699576 61|5702959 63|5706343 63|5709726 65|5713110 65|5716493 67|5719877 67|5723260 69|5726644 69|5730029 68|5733415 66|5736802 63|5740188 60|5743573 59|5746957 58|5750342 57|5753726 56|5757110 56|5760494 54|5763879 51|5767263 49|5770648 46|5774033 42|5777419 37|5780803 35|5784189 32|5787576 28|5790961 24|5794346 21|5797732 15|
4c604ded694bdea2d9708c9da0b84101,36,853,0.70189166,5880030 8|5883412 10|5886796 11|5890180 12|5893563 14|5896947 14|5900330 16|5903714 16|5907098 17|5910482 17|5913865 18|5917250 18|5920634 18|5924017 19|5927401 19|5930785 19|5934169 19|5937554 18|5940937 19|5944322 18|5947706 18|5951090 18|5954474 18|5957858 18|5961243 17|5964627 17|5968011 17|5971395 17|5974780 16|5978164 16|5981548 16|5984932 16|5988316 16|5991700 16|5995084 16|5998468 16|6001852 16|6005236 16|6008620 16|6012003 17|6015387 16|6018771 16|6022155 16|6025540 15|6028924 15|6032308 15|6035692 14|6039076 14|6042461 12|6045845 12|6049230 11|6052614 11|6055999 9|6059384 8|6062769 7|6066154 6|6069540 3|
fa7421780540cf5fa52ca107d3882a61,33,799,0.9961022,5800534 18|5803916 23|5807299 26|5810682 28|5814066 29|5817450 30|5820834 30|5824217 32|5827601 32|5830985 32|5834369 32|5837753 32|5841137 32|5844521 32|5847905 32|5851288 33|5854673 33|5858056 34|5861440 34|5864824 34|5868208 34|5871592 34|5874976 34|5878360 33|5881744 33|5885129 6|5885152 9|5888513 4|5888539 4|
fa7421780540cf5fa52ca107d3882a61,33,813,0.99267936,5824284 25|5827666 28|5831049 30|5834432 32|5837815 34|5841199 35|5844582 37|5847965 38|5851349 38|5854733 38|5858117 38|5861501 39|5864885 39|5868269 39|5871653 39|5875037 39|5878421 39|5881805 39|5885189 38|5888573 38|5891957 38|5895341 8|5895362 17|5898725 6|5898754 9|5902109 4|5902140 6|5905526 3|
fa7421780540cf5fa52ca107d3882a61,33,482,0.85091,6072066 5|6075447 8|6078829 10|6082211 12|6085593 14|6088976 15|6092359 16|6095743 16|6099126 17|6102510 17|6105894 17|6109278 17|6112662 17|6116046 16|6119430 16|6122814 16|6126198 16|6129582 16|6132966 15|6136350 15|6139734 15|6143118 15|6146502 15|6149886 15|6153270 15|6156654 14|6160038 14|6163422 14|6166806 14|6170191 13|6173575 13|6176959 12|6180344 11|6183729 8|6187115 3|
fa7421780540cf5fa52ca107d3882a61,33,534,0.83806914,6021181 1|6021183 6|6024559 15|6027941 17|6031323 20|6034706 21|6038090 21|6041474 21|6044858 21|6048242 21|6051626 21|6055010 21|6058394 20|6061778 20|6065162 20|6068546 19|6071930 19|6075314 19|6078698 19|6082082 18|6085466 18|6088850 17|6092234 17|6095618 17|6099002 17|6102387 15|6105771 15|6109155 15|6112539 14|6115924 12|6119309 10|6122693 7|
fa7421780540cf5fa52ca107d3882a61,33,233,0.8363121,5831274 12|5834658 13|5838041 14|5841424 15|5844808 15|5848192 15|5851576 15|5854960 15|5858344 15|5861728 15|5865112 15|5868496 15|5871880 15|5875264 15|5878648 15|5882032 14|
fa7421780540cf5fa52ca107d3882a61,33,697,0.8352643,6048326 11|6051708 17|6055092 18|6058475 20|6061859 20|6065243 20|6068626 21|6072010 21|6075394 21|6078778 21|6082162 21|6085546 21|6088930 21|6092314 21|6095698 21|6099082 21|6102466 21|6105850 21|6109234 20|6112618 20|6116002 20|6119386 20|6122770 20|6126154 20|6129538 20|6132922 20|6136306 20|6139690 20|6143074 19|6146458 19|6149842 19|6153226 19|6156610 18|6159995 17|6163379 16|6166765 12|
fa7421780540cf5fa52ca107d3882a61,33,335,0.77273583,5851592 28|5854976 28|5858360 28|5861744 28|5865128 28|5868512 28|5871896 28|5875280 28|5878664 28|5882048 28|5885432 28|5888816 9|5888828 1|5888830 13|5892201 4|
